source_image_id,latitude,longitude,sun_angle,season,resolution
SRC_033,45.0,180.0,66.067561,N-summer,0.25
SRC_146,10.0,180.0,58.0428,N-summer,0.5
SRC_008,25.0,180.0,61.005891,N-autumn,0.25
SRC_046,0.0,180.0,58.061031,N-autumn,0.25
SRC_076,25.0,180.0,63.632584,N-autumn,0.25
SRC_114,-10.0,180.0,58.176498,N-autumn,0.5
SRC_170,-20.0,180.0,56.332579,N-autumn,0.25
SRC_159,20.0,180.0,67.076816,N-autumn,0.25
SRC_160,-10.0,180.0,50.604377,N-autumn,0.25
SRC_092,5.0,180.0,57.429528,N-autumn,0.25
SRC_127,-35.0,180.0,47.507974,N-autumn,0.5
SRC_131,10.0,180.0,60.540464,N-autumn,0.5
SRC_107,20.0,180.0,65.68027,N-autumn,0.5
SRC_021,-90.0,0.0,68.040851,N-autumn,0.5
SRC_051,20.0,180.0,63.609319,N-autumn,0.5
SRC_062,45.0,180.0,81.508965,N-autumn,0.5
SRC_058,30.0,180.0,69.060883,N-autumn,0.5
SRC_029,-5.0,180.0,45.485648,N-autumn,0.25
SRC_065,30.0,180.0,68.700871,N-winter,0.5
SRC_016,10.0,180.0,55.552023,N-winter,0.5
SRC_101,5.0,180.0,48.479381,N-winter,0.25
SRC_089,10.0,180.0,48.442522,N-winter,0.25
SRC_163,0.0,180.0,39.987447,N-winter,0.25
SRC_158,-5.0,180.0,35.954137,N-winter,0.25
SRC_135,5.0,180.0,41.328761,N-winter,0.5
SRC_053,-90.0,0.0,74.406575,N-winter,0.5
SRC_165,10.0,180.0,42.451267,N-winter,0.25
SRC_071,20.0,180.0,40.070501,N-spring,0.25
SRC_171,-35.0,180.0,63.65778,N-spring,0.25
SRC_112,-30.0,180.0,67.516648,N-spring,0.5
SRC_001,-5.0,180.0,51.987197,N-spring,0.5
SRC_129,20.0,180.0,41.057252,N-spring,0.25
SRC_049,5.0,180.0,42.94902,N-spring,0.25
SRC_064,90.0,0.0,60.573524,N-spring,0.25
SRC_096,25.0,180.0,40.422288,N-spring,0.25
SRC_166,90.0,0.0,60.094207,N-spring,0.5
SRC_028,10.0,180.0,42.894848,N-spring,0.25
SRC_125,-5.0,180.0,52.428603,N-spring,0.25
SRC_040,90.0,0.0,57.651744,N-spring,0.5
SRC_141,-10.0,180.0,55.206291,N-spring,0.25
SRC_145,-5.0,180.0,52.15166,N-spring,0.25
SRC_079,0.0,180.0,48.941622,N-spring,0.25
SRC_026,90.0,0.0,57.238404,N-spring,0.25
SRC_022,20.0,180.0,41.513642,N-spring,0.25
SRC_032,-5.0,180.0,52.490186,N-spring,0.25
SRC_099,15.0,180.0,42.024472,N-spring,0.5
SRC_119,90.0,0.0,58.642683,N-spring,0.25
SRC_100,20.0,180.0,41.506528,N-spring,0.25
SRC_106,25.0,180.0,40.638999,N-spring,0.5
SRC_027,35.0,180.0,41.369436,N-spring,0.5
SRC_152,30.0,180.0,40.69576,N-spring,0.25
SRC_074,0.0,180.0,50.25459,N-spring,0.5
SRC_006,-15.0,180.0,65.638079,N-spring,0.5
SRC_037,15.0,180.0,44.468297,N-spring,0.25
SRC_041,15.0,180.0,46.712049,N-summer,0.25
SRC_157,40.0,180.0,44.22455,N-summer,0.25
SRC_149,90.0,0.0,55.701783,N-summer,0.25
SRC_167,90.0,0.0,58.639078,N-summer,0.5
SRC_104,25.0,180.0,45.102036,N-summer,0.5
SRC_156,10.0,180.0,48.737382,N-summer,0.25
SRC_057,-5.0,180.0,57.599617,N-summer,0.25
SRC_002,40.0,180.0,45.868768,N-summer,0.25
SRC_168,90.0,0.0,64.709631,N-summer,0.25
SRC_068,0.0,180.0,56.216196,N-summer,0.25
SRC_010,90.0,0.0,74.440619,N-summer,0.5
SRC_015,20.0,180.0,46.484204,N-summer,0.25
SRC_019,90.0,0.0,60.00919,N-summer,0.25
SRC_132,5.0,180.0,51.83727,N-summer,0.25
SRC_088,0.0,180.0,53.004483,N-summer,0.25
SRC_043,10.0,180.0,50.433279,N-summer,0.5
SRC_169,40.0,180.0,48.615664,N-summer,0.25
SRC_147,50.0,180.0,51.835813,N-summer,0.25
SRC_059,15.0,180.0,48.046698,N-summer,0.25
SRC_118,35.0,180.0,49.493581,N-summer,0.25
SRC_070,60.0,180.0,58.788969,N-summer,0.5
SRC_039,90.0,0.0,70.63275,N-summer,0.5
SRC_036,5.0,180.0,52.749586,N-summer,0.25
SRC_091,-40.0,180.0,72.511342,N-summer,0.5
SRC_024,10.0,180.0,53.725813,N-summer,0.25
SRC_122,-5.0,180.0,57.310506,N-summer,0.25
SRC_123,0.0,180.0,54.598149,N-autumn,0.5
SRC_103,-35.0,180.0,57.090396,N-autumn,0.25
SRC_093,-25.0,180.0,43.343655,N-autumn,0.5
SRC_018,-90.0,0.0,67.882485,N-winter,0.25
SRC_113,-35.0,180.0,36.668707,N-winter,0.25
SRC_097,0.0,180.0,35.318175,N-winter,0.25
SRC_139,40.0,180.0,53.533251,N-winter,0.25
SRC_143,90.0,0.0,68.916652,N-spring,0.5
SRC_133,-10.0,180.0,48.887369,N-spring,0.5
SRC_095,-20.0,180.0,56.495654,N-spring,0.5
SRC_116,5.0,180.0,41.203028,N-spring,0.25
SRC_134,-30.0,180.0,69.607895,N-spring,0.5
SRC_073,45.0,180.0,41.537171,N-spring,0.25
SRC_055,-5.0,180.0,57.335076,N-spring,0.25
SRC_082,-10.0,180.0,60.444036,N-spring,0.25
SRC_083,0.0,180.0,55.378885,N-spring,0.25
SRC_128,90.0,0.0,56.634817,N-spring,0.5
SRC_136,-35.0,180.0,76.922409,N-spring,0.5
SRC_111,-35.0,180.0,79.069883,N-spring,1.0
SRC_061,50.0,180.0,43.110277,N-spring,0.5
SRC_086,15.0,180.0,43.648742,N-summer,0.5
SRC_020,35.0,180.0,42.075965,N-summer,0.25
SRC_090,50.0,180.0,47.196626,N-summer,0.25
SRC_066,-10.0,180.0,61.81065,N-summer,0.5
SRC_060,90.0,0.0,64.124177,N-summer,0.25
SRC_084,-10.0,180.0,58.957849,N-summer,0.25
SRC_124,0.0,180.0,51.928413,N-summer,0.25
SRC_150,10.0,180.0,50.798821,N-summer,0.5
SRC_161,5.0,180.0,52.294471,N-summer,0.25
SRC_056,-40.0,180.0,74.660587,N-summer,0.5
SRC_120,90.0,0.0,69.983669,N-summer,0.25
SRC_108,-40.0,180.0,68.856247,N-summer,0.5
SRC_004,30.0,180.0,61.107468,N-autumn,0.5
SRC_121,25.0,180.0,67.446292,N-autumn,0.5
SRC_148,-15.0,180.0,49.227137,N-autumn,0.25
SRC_045,-90.0,0.0,70.559818,N-autumn,0.25
SRC_038,-15.0,180.0,32.097448,N-winter,0.25
SRC_130,25.0,180.0,37.507656,N-spring,0.25
SRC_102,-10.0,180.0,52.255853,N-spring,0.25
SRC_023,-10.0,180.0,50.837437,N-spring,0.25
SRC_047,0.0,180.0,48.028677,N-spring,0.5
SRC_030,-25.0,180.0,67.936804,N-spring,0.5
SRC_063,25.0,180.0,41.329237,N-spring,0.25
SRC_011,-20.0,180.0,70.371153,N-summer,0.25
SRC_110,90.0,0.0,59.038071,N-summer,0.25
SRC_069,25.0,180.0,48.120522,N-summer,0.5
SRC_109,50.0,180.0,54.137665,N-summer,0.25
SRC_025,-35.0,180.0,74.862823,N-summer,0.5
SRC_087,0.0,180.0,54.65824,N-summer,0.25
SRC_155,-5.0,180.0,59.117539,N-summer,0.25
SRC_005,0.0,180.0,55.846781,N-summer,0.5
SRC_035,0.0,180.0,56.990187,N-autumn,0.25
SRC_031,-90.0,0.0,62.684336,N-winter,0.5
SRC_044,-90.0,0.0,81.862162,N-autumn,0.5
SRC_117,-90.0,0.0,60.317034,N-winter,0.25
SRC_017,-90.0,0.0,64.6979,N-winter,0.25
SRC_052,5.0,180.0,51.705435,N-summer,0.25
SRC_098,-45.0,180.0,70.730178,N-summer,0.25
SRC_048,-25.0,180.0,61.920556,N-autumn,0.25
SRC_164,20.0,180.0,59.226879,N-autumn,0.25
SRC_012,-90.0,0.0,85.677016,N-autumn,0.5
SRC_081,-90.0,0.0,74.772433,N-autumn,0.25
SRC_094,20.0,180.0,66.934532,N-autumn,0.25
SRC_153,-40.0,180.0,43.960452,N-autumn,0.25
SRC_075,-90.0,0.0,65.329336,N-winter,0.25
SRC_014,-40.0,180.0,38.480327,N-winter,0.25
SRC_142,-30.0,180.0,34.276784,N-winter,0.25
SRC_072,15.0,180.0,46.966801,N-winter,0.25
SRC_007,20.0,180.0,49.485932,N-winter,0.25
SRC_077,-5.0,180.0,34.299081,N-winter,0.25
SRC_054,5.0,180.0,37.41608,N-winter,0.25
SRC_162,-90.0,0.0,77.7898,N-winter,0.25
SRC_042,10.0,180.0,36.92431,N-spring,0.5
SRC_003,0.0,180.0,38.090051,N-spring,0.25
SRC_013,50.0,180.0,54.051464,N-spring,0.5
SRC_085,0.0,180.0,39.187341,N-spring,0.25
SRC_140,35.0,180.0,44.85556,N-spring,0.25
SRC_137,-5.0,180.0,45.053172,N-spring,0.25
SRC_078,15.0,180.0,40.437008,N-spring,0.25
SRC_115,25.0,180.0,41.8845,N-spring,0.25
SRC_144,-35.0,180.0,76.731052,N-spring,0.5
SRC_067,-15.0,180.0,64.724247,N-spring,0.5
SRC_009,-25.0,180.0,73.827745,N-spring,0.5
SRC_172,55.0,180.0,47.744159,N-summer,0.25
SRC_138,25.0,180.0,44.714676,N-summer,0.25
SRC_105,90.0,0.0,71.333916,N-summer,0.5
SRC_034,40.0,180.0,46.055099,N-summer,0.25
SRC_050,0.0,180.0,53.680047,N-summer,0.25
SRC_126,-20.0,180.0,68.779144,N-summer,0.5
SRC_154,0.0,180.0,54.770875,N-summer,0.5
SRC_080,-25.0,180.0,69.726065,N-summer,0.25
SRC_151,-15.0,180.0,63.408071,N-summer,0.5
